ID,Nom du jeu
1,Armageddon
2,1000 Bornes
3,1000 Bornes Fun et Speed
4,1000 Bornes mon premier
5,1000 Bornes Luxe
6,1000 Sabords
7,101-Le Match
8,13 indices
9,2 pommes 3 pains
10,2 sans 3
11,20 secondes de feu
12,16
13,3 little Pigs
14,4 en ligne Bois
15,4 en ligne Bois non-voyant
16,4 en ligne Géant
17,4 Faber Castell effaçables
18,50 Missions
19,50 Missions ça se complique
20,6 qui prend
21,7 Wonders
22,7 Wonders - Architect
23,7 Wonders - Armada
24,7 Wonders Cities
25,7 Wonders - Leaders
26,7 Wonders Duel
27,7 Wonders Duel - Agora
28,7 Wonders Duel Panthéon
29,7 Wonders Duel - Seigneur dels
30,A la folie
31,Ab durch die Mauer
32,Abalone
33,ABC
34,Abella l'abeille
35,Aficionado
36,Akropolis
37,Alerte Astéroides
38,Alhambra
39,Alias dé
40,Alles Käse
41,Allez les escargots
42,Allez les P'tits Poissons
43,America's Cup
44,Andor
45,Andor Jr
46,Animazoo
47,Animo Déclic
48,Animots
49,Animouv
50,Anti-Virus
51,Antique Duellum
52,Aperitivo
53,Apprenons le code de la route
54,Apprenons le corps humain
55,Après l'Orage
56,Aquatika
57,Arche de Noé
58,Archipel des dinosaures
59,Arcimboldo
60,Atlantide
61,Attrap' trésors
62,Attrape la noisette
63,Attrape Monstres
64,Attrape rêve
65,Au chantier
66,Au creux de ta main
67,Au dodo les oursons
68,Au loup
69,Au pays des petits dragons
70,Au voleur
71,Auf teufel komm raus
72,Ausburg 1520
73,Ausgefuchst
74,Autour des îles
75,Avalam
76,Aventuriers du Rail
77,Aventuriers du Rail - 1910
78,Aventuriers du Rail - Autour du
79,Aventuriers du Rail - Europe
80,Aventuriers du Rail France
81,Aventuriers du Rail - New York
82,Aventuriers du Rail - Paris
83,Aventuriers du Rail - Premier
84,Awalé
85,Awalé géant
86,Azul
87,Azul Mini
88,Backgammon coffret
89,Bahuts malins
90,Baladino
91,Balance
92,Ballons
93,Bamboléo
94,Bamboléo Géant
95,Bananagrams
96,Bananas
97,Bandida
98,Bandido
99,Bangle jeu de dés
100,Bang The Bullet
101,Bang (Wanted)
102,Barrière de corail
103,Bata Miaou
104,Bata Waf
105,Bataflash
106,Batanimo
107,Bataplus
108,Batasaurus
109,Bazar Bizarre
110,Bazar Bizarre 2.0
111,Bazar Bizarre Junior
112,Behind
113,Belcastel - Duel
114,Belcastel Le Grand Prix
115,Belcastel Les Alchimistes
116,Belcastel Les Charlatans
117,Belcastel Les Sorcières s'en
118,Big Pirate
119,Bigloo
120,Billabong
121,Billard aveugle
122,Billard Battle
123,Billard Hollandais 35x110
124,Billard Hollandais 40x200
125,Billard Japonais 35x110
126,Billard Japonais 45x200
127,Bio-Trio
128,Bizzzzz
129,Blanc Manger Coco
130,Blanc Manger Coco - Petite
131,Blanc Manger Coco Jr - la
132,Blind Jack
133,Block Ness
134,Blue Banana
135,Bluffer
136,Blumen Finden
137,Bohnanza boîte métal
138,Bois Joli
139,Bomb Busters
140,Bonjour Robert
141,Bonjour Simone
142,Booum
143,Bowling de table
144,BrainBox ABC
145,BrainBox tout Petits
146,Branle bas de Wombat
147,Brin de Jasette - Couple
148,Brix
149,Broom Service - jeu de cartes
150,Bubble Stories
151,Bubblee pop
152,Burger Quiz
153,Bürger, Baumeister & Co
154,Butin des pirates
155,Buuuut
156,C'est évident
157,C'est pas faux
158,Cabanga
159,Cachamot
160,Cache noisettes
161,Cache Tomate
162,Café del Gatto
163,Camelot
164,Camelot Jr
165,Can't Stop
166,Candy Lab
167,Canvas
168,Captain Flip
169,Captain nature
170,Captain Silver
171,Carcassonne
172,Carcassonne - Mon Premier
173,Carcassonne 1 - Auberges &
174,Carcassonne 10 - Tous en Piste
175,Carcassonne 2 Marchands &
176,Carcassonne 3 - Damoiselle &
177,Carcassonne 4 - La Tour
178,Carcassonne 5 - Maire & cloîtres
179,Carcassonne 6 Comte, roi &
180,Carcassonne 8 - Forteresses,
181,Caro
182,Carpe Diem
183,Carrom boîte de pions
184,Carrom housse 86cm
185,Carrom palet compet 15g
186,Carrom pieds alu réglables
187,Carrom poudre de glisse 100g
188,Carrom Ellora 85cm
189,Carrom Mango 83cm
190,Cartaventura: Lhassa
191,Cartaventura: Oklahoma
192,Cartaventura: Vinland
193,Cascadia
194,Casse-toi pov'con
195,Cat's Carnaval des mots
196,Cat's Conju
197,Cat's Découvrons nos talents
198,Cat's Détective Lisa
199,Cat's Détective Mathéo
200,Cat's Grammi 1 - classes
201,Cat's Grammi 2 - fonctions
202,Cat's Grammi 3 - construction
203,Cat's Grammi 4 - masculin
204,Cat's La consigne
205,Cat's La consigne - Circus
206,Cat's La pêche aux mots
207,Cat's La ronde des émotions
208,Cat's Mathé 1 les fractions
209,Cat's Maths et Moutons
210,Cat's Maths mesures 1 -
211,Cat's Numé - Kid
212,Cat's Numé 1 énigmes
213,Cat's Numé 2-grands nombres
214,Cat's Ortho 1 terminaisons
215,Cat's Ortho 2- Homophones
216,Cat's Ortho 3 - Les mots
217,Cat's Ortho 4 invariables
218,Cat's Spatio 1- Repères
219,Cat's Spatio 2-Repères
220,Cat's Spatio 3-L'heure
221,Cat's Syllabes et mots
222,Catan Barbares et Marchands
223,Catan - Duel
224,Catan - Energies
225,Catan Extension pour 5/6
226,Catan Les Marins
227,Catan Les Colons
228,Catan Les Marins 5/6
229,Catan Villes et Chevaliers
230,Catan Villes et Chevaliers 5/6
231,Ceci n'est pas une pomme
232,Celestia
233,Cerbère
234,Ceylan
235,CG- Gem
236,CG - Hue
237,CG La Troussette
238,CG-Présentoir 48 jeux
239,CG - Sow
240,CG-Woo
241,Challengers
242,Chass'monstres
243,Chat noir
244,Chat-pêche
245,Château Formes
246,Château logique
247,Chateaux de Bourgogne deluxe
248,Chats tournent en rond
249,Chop chop
250,Chrominos
251,Chut
252,Chute libre
253,Cinco
254,Cinq Petites Sorcières
255,Citadelles 4e édition
256,Citadelles classique
257,Claro
258,Clefs magiques
259,Climat Tic-Tac
260,Cluedo
261,cochon qui rit par 2
262,cochon qui rit - par 4
263,Coco Capitano
264,Cocotaki
265,Code couleur
266,Code Names
267,Code Names Duo
268,Code Names Images
269,Coffret de 100 jeux
270,Colo-nid des Manchots
271,Color Addict
272,Color brain
273,Color Connect
274,Coloretto
275,Colt Express
276,Comment j'ai adopté un Dragon
277,Comment j'ai adopté un Gnou
278,Complots
279,Complots 2
280,Complots Deluxe
281,Concept
282,Concept - la recharge
283,Concept Kids
284,Contrario
285,Contrast
286,Copa
287,Copenhagen
288,Copy or not Copy
289,Copyright
290,Corgi Chien Agile
291,Cornhole
292,Cortex Challenge
293,Côté mode
294,Coucou Hibou Coucou
295,Courtisans
296,Crack List
297,Crazy cups
298,Crazy cups plus
299,Crazy Kick
300,Crazy Mistigri
301,Crazy Theory
302,Creativity
303,Criss Cross Cube
304,Croque Carotte
305,Cube Duel
306,Cubeez
307,Cubissimo
308,Cucaracula
309,Cui Cui
310,Da kommt der Wurm Raus
311,Dames chinoises Bois
312,Dancing dice
313,Deal and Steal
314,Deblok
315,Débrouille-toi
316,Déclic
317,Declic Family
318,Decrypto
319,Défifoo
320,Dékal
321,Demigods
322,Der Schwarm
323,Dés express
324,Désert interdit
325,Detective
326,Détective Charlie
327,Diamant
328,Diamoniak
329,Dice Forge
330,Dice town Extension
331,Diceland
332,Digit
333,Dingo - Calculo
334,Dingo - Conju CE1
335,Dingo - Fracto
336,Dingo - Logi
337,Dingo - Ortho CE2
338,Dingo - Prevento
339,Dingo Speedo CP-CE2
340,Dingo - Syno
341,Dingo - Voca CP-CM1
342,Dino Draft
343,Dino Picnic
344,District Noir
345,Dive
346,Dixit
347,Dixit 2 Quests
348,Dixit 3 Journey
349,Dixit 4 - Origins
350,Dixit 5 Daydreams
351,Dixit 6 Memories
352,Dixit 7- Révélation
353,Dixit 8 Harm